"house_size","num_bedrooms","distance_to_city_center","property_age","price"
179,5,22.6,56,410949.48880683
405,2,8.2,74,882124.297587533
234,3,14.5,39,554240.075072571
447,1,2.3,81,927685.890920673
473,5,3.8,85,1026282.25065078
71,3,27,79,157271.901953533
288,2,18.8,42,657202.966392777
452,1,19.6,17,901703.477100499
298,4,14.4,73,646427.579278209
255,4,9.1,10,612868.202402902
481,3,28.4,7,993348.670252757
254,1,1.7,3,623847.343538885
355,2,6.1,66,850275.932006881
308,3,29.2,70,624566.689188344
96,1,24.2,19,158864.265667844
455,1,30,80,757320.557357443
161,2,8.6,79,374452.675447854
69,2,17.9,64,173108.556103825
198,4,3.1,96,461924.266638906
480,3,24.3,15,1041085.29190828
450,2,26.5,7,905569.430139777
362,2,26.8,94,642689.043684187
338,5,1.3,85,789897.645859008
497,1,8,36,1078319.46512375
345,3,18.6,41,715320.528259221
369,2,11.5,96,729236.83431758
295,2,21.6,11,602120.086075164
317,4,2.2,71,685626.762206664
180,4,20.1,56,427165.942640356
116,4,7.7,88,299924.637974232
483,5,8.9,74,1085084.90381622
456,5,22.3,63,924277.487596469
361,4,6.2,16,856986.168537617
408,4,12.2,48,858301.74656711
61,2,20.8,44,111195.607085409
265,5,13,16,627658.892858904
391,2,16.7,83,791837.858497172
147,2,14.2,30,354483.528640184
193,4,4.7,64,417318.292341291
154,5,1.9,49,447953.183679259
114,3,5.8,57,304388.877347083
237,3,24.2,61,488443.067617814
236,2,5.1,11,601580.64580285
216,2,3.2,49,604446.634972786
119,1,1.8,17,341746.438199703
112,3,13.1,44,298933.025953612
155,5,25.8,67,331452.722766161
260,3,10.6,58,638610.026285677
170,5,13.9,27,488398.256370897
436,1,13,31,945402.39513161
71,2,11.2,2,271950.878428313
249,4,27.9,30,522315.021265857
410,3,28,71,755006.460604973
105,5,9.1,8,333535.440834436
302,5,22.1,97,614882.470921265
143,5,7.3,80,373168.178122059
107,4,28.3,89,205993.194233529
389,3,2.9,52,878979.870779922
453,3,29.7,35,935447.489554666
219,2,7.1,47,523411.939863468
349,2,10.2,12,836643.729113409
93,2,4.5,24,288705.107075664
223,2,17.9,38,410438.460457911
173,2,20.1,41,393446.495077505
417,3,29.9,67,797568.40744346
252,1,6.6,15,607044.057459563
415,1,24.7,47,763201.395779315
416,1,19,16,828616.99310116
407,1,29.6,56,764749.060504408
248,3,13.8,4,609812.600313566
390,1,22,81,738928.990787108
333,2,3.2,84,684373.247340499
370,3,19.3,21,770989.701548347
50,4,7.2,55,188462.321232645
264,4,27.7,62,531515.67355261
149,3,24.5,14,376654.333722213
221,4,25.8,70,394481.775974333
326,2,24.7,88,573041.286296539
208,3,13.1,95,432815.420491663
100,4,29.3,74,167006.845779577
160,3,15.5,1,411353.540438904
351,4,15.5,77,725840.307145594
238,5,11,35,636459.305859889
405,1,3,42,909475.977941997
96,5,27.3,1,250213.608207973
246,4,7.4,34,661223.258995618
493,5,9.6,33,1132370.64503569
452,1,20.1,47,972307.372477129
449,1,17.4,83,947389.858520999
129,1,29.2,66,151702.344709727
109,2,4,37,290864.454196141
344,2,16.8,79,687419.779268878
205,4,27.5,39,453364.849850868
346,1,26.3,94,627837.320689834
194,2,27.2,77,309389.96782827
134,1,23.6,31,268953.899758048
402,3,5.8,25,951743.73964334
92,3,4.5,16,364391.12828893
260,1,4.4,89,531595.394315231
280,4,13.5,54,637648.589451535
320,3,23.5,91,619848.3768095
200,5,27.2,100,452074.671497546
270,2,13.4,56,586682.469196549
480,4,24.5,34,1020871.09732072
267,2,14.6,67,550105.74632499
451,2,20.7,88,863397.572077842
461,1,23,98,875813.293876189
324,1,20.8,41,649837.683474384
235,3,25.6,74,440808.886155825
116,5,10,32,395262.408545709
471,5,6.3,46,1092015.0040112
186,1,3.7,25,518541.700663947
77,4,1.4,70,286231.321876217
476,2,27.2,42,919727.538191803
374,3,24.1,69,727457.521158272
114,3,3.3,95,266136.062668838
297,2,4,6,737943.170960985
479,5,6,62,1053609.14260974
313,4,16.3,75,668645.950515618
232,1,22.3,69,467010.342737167
342,4,4.4,88,700436.711783581
194,3,4,80,485723.287731746
188,5,17,88,382987.389027272
149,5,9.4,98,321017.121847524
216,4,13.8,55,520372.614795899
493,5,4.4,78,1073039.20222996
119,1,27.7,58,154369.112791378
91,5,22.2,9,222010.985824972
114,4,14.4,47,262742.372597442
361,5,20.5,16,850565.766479295
329,5,9.4,56,805289.92267287
451,5,20.2,7,1019017.52262201
353,3,11.9,74,708711.883485463
382,4,20.5,1,832026.400487757
285,5,13,10,678638.538555853
347,5,21.6,90,680505.872674363
420,4,9.2,97,886656.5118774
404,4,22.4,32,882185.267307855
491,3,17.7,65,964368.446259625
248,3,1.7,66,612879.807979337
190,4,11.5,62,442784.144982103
234,1,13.8,88,497516.739463152
55,4,12.7,78,150931.162872502
133,2,16.8,31,342970.663596062
429,2,26,6,925716.488152673
154,4,23.2,45,283070.092377921
158,1,2.9,43,411946.350369441
85,1,4.4,64,257685.432125643
161,2,10,75,343721.179566444
379,4,10,59,896970.016540309
431,5,22.2,47,912783.34638046
274,3,5.1,23,628119.535093146
225,1,29.3,46,378901.335139524
161,3,25.8,77,271658.495375683
100,3,17.9,27,303537.10672093
225,2,27.1,71,342070.5482894
307,4,1.3,78,775895.089041648
148,1,23.8,39,280821.921763927
250,3,27.3,32,464309.499816284
148,5,4.2,12,470954.93193921
276,5,14.5,49,618240.408358571
209,5,20.6,74,458204.435020361
342,2,14.5,52,754098.517048803
219,5,26.4,92,422841.946138674
210,5,12.6,2,548565.60610944
290,1,17.4,92,547862.602026794
383,5,20,58,780874.14462355
149,1,9.3,81,317017.417422622
236,2,26.9,44,440693.724959624
170,1,5,32,413454.176973764
333,1,17.2,41,678101.238764664
133,2,8.3,30,308008.090229126
439,4,3.1,13,1071191.61167357
386,5,23.1,29,852534.026682594
351,2,18.6,28,731314.369877455
328,2,10.7,35,772655.54966175
218,2,27.4,3,454305.800081176
288,4,18.1,76,590008.391458252
444,5,28.4,45,910521.521358418
312,2,27.2,61,611395.747522927
428,3,12.2,11,962831.992235921
191,1,21.8,4,414390.045292577
369,4,25,19,781187.805922771
169,3,27.5,4,337190.240064104
317,3,4.8,94,711894.570726466
267,3,2.3,50,670729.407493619
169,2,29.7,80,327627.844942853
304,4,12.3,56,750174.029061003
461,4,21.6,12,1008584.0117515
456,2,16.3,2,975936.171013116
173,3,12.2,44,392774.461140209
195,1,21.8,22,379081.364392935
494,4,26.5,81,1003212.89450394
329,1,4.5,52,761997.413666756
472,1,11.6,54,983459.538694349
260,4,23.9,93,487382.702039426
233,3,7.3,9,615841.060039463
347,5,19,3,820376.607236758
119,2,12,56,277012.35666587
308,5,18.5,11,698898.564867334
157,2,17.4,27,348416.178408804
483,4,21.1,15,1079357.27473821
321,2,24.6,16,643053.998896391
282,2,14.2,57,564282.168973157
231,4,11.7,7,572357.024894204
446,4,24.9,63,920021.10777405
214,1,15.9,74,408127.294818943
180,3,22.5,38,370939.971659386
127,1,25.6,71,267456.769570624
127,3,13.8,6,415744.083951547
267,3,12.8,59,598600.364626037
164,3,25.7,27,372876.040067441
147,5,22.1,19,433082.593671062
353,2,18.8,29,764347.008876145
71,1,21.3,61,108538.716535447
365,5,22.7,43,765551.71497042
208,3,8.6,64,465773.757693481
234,3,9,95,485655.803521826
419,3,6.8,53,954806.182828062
463,3,28.3,26,956289.422652617
177,1,8.9,75,394514.947759823
482,3,15.5,54,1013312.51930116
378,3,2.1,14,901517.984516062
359,2,24.3,25,730834.573348278
74,5,12.8,13,311885.236319061
228,5,14.3,12,559115.354413192
265,2,28,65,481333.189025671
302,5,12.3,74,654195.672863142
364,2,22.6,45,757098.268602131
462,3,23.7,16,927441.963009931
328,1,7,84,678188.831234874
243,3,2.6,100,546417.227614469
294,3,10.6,3,699679.491628292
76,5,20.8,54,189957.289443136
167,5,23.3,80,314222.674515804
229,2,19.9,53,445376.857101884
139,4,28.1,25,261401.723211761
424,3,1.1,48,956794.346316457
119,5,12,30,392111.841352633
412,1,19.7,97,772781.146125171
296,1,3.9,70,635841.557759743
348,5,1.4,75,803686.659497219
127,3,5.3,2,363210.772518016
335,2,22.6,41,656053.018168682
190,5,25.7,46,408795.79688062
376,4,10.4,13,883533.44754356
230,1,8.7,26,475834.955854357
486,5,8.1,16,1146547.22770365
485,5,28.7,42,1006962.32772118
377,1,15.4,22,835641.744006918
166,1,21.1,53,342529.340849497
150,5,27.5,89,275362.675657295
317,4,18.7,52,659186.154910394
170,5,8.6,43,461117.868307738
289,4,27.6,30,589209.609254972
403,5,21.6,23,851098.869944155
126,5,2.3,6,379260.307788311
232,1,19.4,79,454185.943259572
262,2,25.7,96,408620.730992502
441,5,4.5,91,973440.241448756
467,1,28.6,30,897461.418311628
447,5,2.2,25,1117435.42029886
353,4,5.9,31,827383.430020994
478,3,1.7,33,1031034.11221005
282,4,12.3,62,690946.07315089
309,3,21.6,64,604756.301578419
201,1,20,12,418850.902206781
206,1,15.1,50,421105.018888593
59,1,3.3,6,270267.967714033
276,5,29.1,66,528710.016207082
442,1,17.2,96,782719.133453709
53,4,21.8,96,90177.1396221457
82,5,9.2,91,213842.090332721
124,2,24.3,48,236876.717614622
397,1,19.2,38,814084.787713006
381,4,27.4,40,764768.154910936
487,5,12.5,94,1008017.13731935
260,3,9.9,69,539569.422089772
83,1,22.2,42,132108.313813046
342,4,21.2,49,700157.72007899
391,4,13.6,75,831942.240489979
112,1,24.4,74,219317.987602354
228,1,9.9,48,460650.523673616
151,3,27.5,42,317184.859058584
76,4,19.3,41,172526.09705005
228,5,23.5,67,446029.510228771
79,1,21.8,69,156079.234096136
152,1,20.2,7,388218.998052207
75,5,21.4,47,219345.949780172
352,3,6.6,51,812550.347915491
184,4,18.3,17,482711.845910417
95,3,23.2,31,251288.028159435
82,2,7.9,21,247616.081872676
446,2,21.1,13,894948.563559637
389,4,3.7,85,834792.994969248
417,3,22.4,35,827939.233169755
492,2,28.4,7,1018380.65486729
97,4,20.3,65,190834.252453219
95,4,20.4,77,202661.688528739
409,5,13.2,54,946629.127752913
403,5,5,51,947500.791836962
54,1,14.6,76,114139.259174475
401,5,3.7,89,902904.800378685
378,3,22.9,83,667011.428253802
334,2,11.6,51,671255.720822872
266,1,17.5,80,564745.248879677
120,1,12.1,20,311407.511570545
54,3,6.9,38,181178.110801424
254,2,16.5,41,567345.628764996
272,2,12.2,10,594313.612008402
225,3,26,1,537718.397725063
259,5,3.7,40,640426.654661692
371,5,2.8,17,890034.391983351
75,5,5.8,88,242039.054945509
210,4,28.1,59,427223.630244402
411,1,13.8,46,836996.514025908
426,2,20.6,54,858982.353296229
157,4,2,6,495545.17213872
209,5,14.6,76,477285.771830027
436,2,2.3,69,992599.157664696
434,4,19,14,943253.900676828
183,1,26.1,61,310517.213594402
116,5,6.7,65,332158.337013391
367,4,9.2,35,852506.541432564
97,5,26.1,69,197512.180035782
65,2,1.9,57,236979.98662145
500,5,23.7,28,1069392.66555301
66,4,14.2,92,197715.577236031
202,1,3.3,6,535908.196607742
462,2,27.3,90,900543.027921437
328,2,6.5,82,652034.773518076
179,2,22.6,33,348822.424785976
382,5,13.5,42,832930.947022345
425,5,20.4,51,916634.070861342
191,3,6.4,56,485978.280981296
272,2,26.6,8,575899.12549313
364,2,2.4,33,869005.938240981
339,3,7.4,24,791377.770414707
340,3,8.6,11,817014.302833681
490,3,23.2,98,961132.480810396
237,4,12.2,35,600339.854199136
104,1,9.1,93,218788.001164061
287,5,3.3,81,704809.543484962
151,2,15.5,42,386080.950785536
269,1,14.1,80,508366.928734307
217,1,29.6,25,402897.967398169
493,1,5.1,78,1039848.41096672
225,5,25.2,10,598470.561807988
153,1,1.9,22,440009.335360772
330,2,23.6,98,635058.953024156
111,4,7.6,5,367523.577404955
485,2,4.9,55,1077539.93538561
282,5,6.5,68,657663.504485181
123,2,7.3,28,343307.023033719
330,2,28.1,50,594131.202024025
494,5,29.7,86,968909.553294142
351,4,10,49,859826.325175487
239,3,5,14,629550.518251011
196,5,20.2,32,471872.048115927
426,3,18,77,858083.806235795
115,4,11,5,390725.93106323
137,1,24.6,93,222662.102254133
454,4,9.2,69,965127.493511392
189,2,25.5,42,367397.268186819
213,1,5,14,565023.08684835
403,5,26,93,836711.908885137
137,3,2.9,24,446204.164687333
58,4,13.6,74,207004.267353674
233,4,20.7,2,593716.387188979
267,1,7,26,638275.172688663
240,4,28.3,99,402739.815399499
204,4,12,72,499644.702538887
440,3,19.2,66,942690.350899972
255,1,6.3,25,607610.561592171
290,5,20.1,10,673803.776735394
484,4,22.3,30,1019749.04312955
399,3,15.4,55,842029.46063754
144,4,26.2,78,284569.100329979
189,4,25.1,28,372597.783415839
487,4,29.5,32,962685.990333805
313,3,20.3,95,607093.379085405
392,3,19.6,50,855110.567133757
218,3,2.3,97,513657.014084963
396,4,6.5,85,923384.505787535
292,3,1.9,98,655615.363010149
461,3,25.6,12,1000427.3689688
133,2,13.3,32,347239.956367138
177,4,24.7,95,346445.884347362
93,4,5.4,65,291550.619679381
145,2,12.8,98,268355.354945421
490,4,22,97,952789.519751981
183,5,2.7,73,498788.484970873
377,4,10.6,40,825665.415033264
404,1,23.5,67,788743.410399302
97,5,25.4,26,251573.193383033
158,3,26.2,32,302394.948593592
172,3,28.6,84,246303.435535562
95,1,12.1,69,201188.19177347
103,1,28.6,78,127274.530129428
496,3,21.4,31,1037786.79794824
494,4,13.2,65,1047537.79003694
112,4,12.3,62,261350.266186117
457,3,7.1,23,1046081.80715075
309,5,22.8,25,712810.472262568
228,1,13.9,88,451899.777823744
252,5,14.1,79,558525.379698701
368,1,3.4,4,844237.230347238
87,1,11.6,76,237257.47245197
203,4,27,90,398126.682151978
356,3,16.8,89,689771.406145378
193,4,1.9,13,510129.165719448
424,3,12.3,98,890521.243943571
147,1,4.3,91,340815.521269002
274,2,9,27,609705.858294062
174,3,21.9,89,331030.973396958
136,3,11.9,83,293575.35522544
478,1,19.4,44,1014075.75168956
195,1,15.4,9,476374.300991948
265,1,24.4,87,524151.835364197
63,1,17.9,33,130560.733485327
296,2,6,24,675639.179309069
340,2,28.2,83,624570.654022853
318,1,2.6,99,696811.521775363
195,2,3.5,24,515445.949025057
451,4,25.4,10,961399.647336291
332,1,13.2,64,728548.601715666
186,3,21.8,86,323416.071324147
225,3,22.3,19,500856.11333628
122,5,29.6,51,240073.169433488
438,2,28.9,36,848460.162237426
479,4,5.1,83,995112.483940736
304,4,20.3,49,627606.019293905
198,2,2,24,553329.795549167
498,1,15.3,28,999263.047345131
156,2,23.9,82,235533.923387985
326,5,12,4,832238.601562973
99,2,28.5,41,165438.549085437
269,5,20.2,60,603338.3810867
95,1,13.6,53,266479.60320098
123,3,25.3,69,253515.424229103
177,4,24.3,51,393323.813029452
313,1,13.4,56,647819.728163676
379,1,10.6,84,732831.667927268
124,4,17.4,32,325783.937868798
440,5,26,5,950842.13243744
369,2,18,82,754072.414685446
392,1,19.7,78,743644.006875499
116,1,23.2,86,139579.042337977
211,2,21.1,8,461571.875039535
353,4,26.1,2,798599.121904353
286,3,3.7,60,696265.740803041
207,3,18.7,87,342483.015050465
158,1,8,45,382760.557403719
76,2,14.6,5,232714.441264275
156,5,9.2,42,491807.132013048
451,3,27.6,37,954481.069409456
415,2,12.6,48,952154.722004911
386,3,17.4,14,865158.188309054
120,3,3.3,48,334491.10943654
106,2,28.3,27,258145.159583034
489,3,22.3,50,1044630.59646799
246,4,14.8,91,533370.377607025
259,3,6.3,51,603896.940910469
124,3,22.2,71,295846.989965821
313,2,18.8,7,661549.266191809
172,5,2.8,69,445956.523047749
154,5,2.5,80,440707.759957186
361,4,14.2,3,802050.407711754
177,4,6.2,5,563897.670676633
415,3,15.2,58,825740.931796493
92,1,29.5,79,89517.2124726288
420,5,7.5,74,913543.581193722
242,5,21.7,28,621174.850710321
390,5,5.4,81,910313.259787095
348,5,16.2,43,785492.484848589
250,3,25,17,560812.776652067
332,4,4.7,61,810673.275621918
50,1,24.8,83,81980.9085545311
148,5,8.1,78,359423.739973606
367,2,3.8,9,816048.583891695
147,1,5.7,8,400508.886064186
416,5,20.3,96,901489.834113681
188,3,20.6,10,437053.994339782
359,1,4.9,22,808710.746080442
470,2,29.4,44,867638.617087713
102,2,5.3,78,280893.424126283
107,2,28.3,85,151356.402704954
355,5,21.3,63,785258.934274926
243,5,17.5,39,592397.087816093
425,4,8.1,15,966526.390430807
487,3,10.9,88,1035142.26803413
82,3,25.4,88,200653.154334227
257,1,27.7,35,483279.549131683
366,3,15.9,52,729113.145736796
89,3,26.8,50,159966.189208916
497,1,21.4,80,948011.027399129
164,4,13.3,92,392637.5031919
72,4,9.7,59,195984.174584433
359,3,28.9,83,706910.970835851
404,3,4.6,81,828643.614637785
209,3,20.7,29,440990.897580258
215,1,24.8,51,431729.255961819
179,5,7.3,30,495676.311488848
86,4,18.2,87,130520.071400721
214,3,5.7,72,554852.325144459
130,5,12.8,37,337904.092951022
291,1,7.9,100,568560.625763098
277,5,16.3,70,603489.813539174
475,1,20.5,25,928930.508265508
204,1,27.3,65,396849.949680658
259,3,10.7,35,638790.115798906
87,5,8,80,255502.881379145
437,5,10,33,1028420.43819765
228,3,7.6,27,609930.9955312
381,5,4.6,8,919002.263773345
127,4,8.8,57,366420.08375804
255,4,27.8,1,554316.844697355
397,4,2.6,29,871477.808344209
78,3,15.5,29,278606.521287417
417,4,24,82,796627.798598223
186,5,25.3,13,415012.845203696
214,4,17.7,27,498640.629634038
190,2,8,44,468650.996836202
67,4,17.9,96,165289.535899033
283,3,5,32,734557.402090968
356,1,15,79,682527.459544845
456,3,3.7,14,1023689.84002733
61,5,9.8,50,239955.83203581
495,5,20.6,53,1022936.81598771
186,2,6.9,89,437622.229667798
473,3,12.5,37,1014329.01396112
359,3,24.3,47,739095.718726717
251,1,7.6,45,555147.136967849
417,2,3.2,72,956870.086042087
68,4,23.6,6,135490.092002003
383,3,20.4,70,769175.844148002
207,4,15.8,67,428073.455865397
423,2,7.2,67,883113.541656242
291,4,6.4,50,739686.745683152
174,4,18.7,28,428935.371486429
410,2,2.1,38,943502.787038002
91,1,7.7,11,217978.039274109
424,1,24.9,26,863662.116794816
175,5,9.7,6,521440.467225075
389,1,1.5,47,866615.402296573
484,5,28.9,33,965821.230322096
87,4,3.5,22,282297.539680602
434,1,22.7,76,804896.624642064
411,1,25.2,25,781515.787344066
223,3,1.5,41,584232.839346442
197,5,25.7,71,362803.888392377
142,5,17,12,361243.185921999
306,1,10.9,14,706111.826597849
450,1,10.4,98,952156.424848338
288,3,19.5,98,574440.99564375
314,1,4.7,76,720166.7240156
350,1,10,4,807181.953640728
288,3,17.9,97,551010.755103067
279,3,23,76,511127.482697856
57,2,17,89,109884.007323231
71,1,20.9,23,139007.309207403
468,5,11.8,28,1039094.937417
396,4,27.3,61,766456.898443531
140,5,29.3,35,333045.113272646
343,2,23.2,76,608927.824917019
344,5,1.4,8,836261.995155853
228,1,16.2,89,476326.258614519
416,3,24.2,77,839622.586899334
296,1,7,88,571619.136295841
448,1,12.2,95,891677.210345231
299,5,16.7,33,639005.214125982
458,2,22.6,19,966920.43407682
314,1,10.7,16,705355.614161753
241,2,10.4,12,596974.115002132
477,3,13.3,48,953178.174229848
369,1,9,81,754907.066613673
236,5,19.2,87,480935.320800736
58,2,2.3,7,253205.720371446
305,2,18.6,73,553365.654631474
271,1,13.1,97,565410.228352229
445,3,2.3,32,988427.724257245
416,1,29.8,72,759194.065527757
434,4,19.2,60,873076.20366538
216,1,25.3,5,486770.945571358
443,4,12.5,45,915955.346461417
118,2,28.6,64,185539.337221862
177,3,12,80,381154.457954032
350,3,24.8,55,731323.257535498
490,5,1.2,88,1132073.45964623
312,1,26.3,2,618381.14403077
287,3,3.1,45,675113.972268532
77,1,24.7,49,165105.980239632
486,4,18,80,1046403.9129739
104,3,20.8,29,216644.362469229
90,1,21.7,59,173434.421679697
446,3,9.1,20,1025062.56500225
279,1,20.5,81,531318.702560572
202,3,9.6,60,455871.107406564
452,4,17.6,28,1010307.7841401
64,1,2.6,80,180156.836252043
157,1,11.1,61,421931.700665686
359,2,15.4,96,685113.309373074
152,5,16.4,19,420960.795668783
193,2,24.7,1,433425.424980918
128,5,15.8,38,366176.604202896
411,3,25.6,77,821904.738980755
116,2,18.2,58,250147.130046619
420,4,16.6,18,935658.739921191
199,5,19.2,10,548196.475469676
218,1,9.5,88,451798.08108585
333,5,17.4,15,797887.753748319
93,1,30,64,96532.9375337881
60,1,27.7,45,41377.9134733248
497,2,23.3,93,955805.697704397
313,2,25.5,62,616240.540687487
402,1,27.7,8,774063.981014259
451,3,18.4,52,933828.709314052
390,1,11.7,69,814104.641479403
491,2,22.7,49,1008358.39246625
70,3,15.1,62,203469.310872563
457,1,1.1,48,991721.54421771
439,1,20.5,85,811890.995937545
399,2,12.7,27,862351.029165264
220,4,28.6,41,479764.669266264
69,5,4.9,80,259549.960915383
214,1,12,87,427244.6762493
173,5,27.1,54,363983.663532749
433,2,24.3,33,873235.119255818
213,1,15.7,58,381223.208582569
187,4,1.5,34,551577.759558402
392,4,8.3,17,914507.543397372
430,3,9.9,52,939649.690516297
256,2,20.2,5,520408.077820693
378,4,3.8,15,951053.346801589
97,3,29,18,196708.691311836
149,3,26.1,33,318189.639174751
479,2,9.3,36,1040832.27959489
388,1,13.6,87,721984.238340005
419,4,10.9,36,934383.238023728
238,5,11.1,95,507890.590633048
317,5,9.8,49,762353.44821392
409,5,27.5,87,844938.074044201
450,5,9.2,32,1097035.3019212
223,2,26.2,34,446883.349428402
91,2,24.7,17,168403.208805874
332,5,6.4,63,774073.343681594
386,3,7.6,19,888855.364815338
88,1,20.3,54,179314.656456596
185,2,14.6,20,490289.609410518
327,2,4.2,11,803237.982329187
389,5,5.2,34,910547.303484099
463,5,10.2,61,1010130.92013275
264,1,18.6,69,514037.820060249
305,1,28.5,21,630975.22714007
381,2,13.3,42,776709.820077535
436,2,27.9,15,835620.200398379
459,2,3.9,22,1082319.24152074
75,3,26.1,77,106399.560045862
276,3,8.6,49,647565.234456132
208,5,9.2,25,573531.769393187
431,1,5.8,80,902538.661560201
413,3,1.9,45,950451.607833019
103,2,3.8,18,396471.322653263
371,5,4.5,17,879872.878746387
156,1,6.6,97,303315.761210548
84,3,25.1,53,135132.268427235
471,2,1.4,53,1027387.80707009
121,4,12.2,69,349807.24564267
341,1,27.5,79,560309.264316427
128,1,1.4,70,305900.77342254
59,3,10,88,169378.304571511
285,2,13.4,15,611667.874187108
89,1,17.3,27,234409.33084805
177,2,27.7,90,277000.896705265
239,3,16,36,510206.999324619
314,2,22.5,93,574558.721595845
413,4,18.9,33,860622.635375641
141,4,7,65,361905.576598152
257,2,15.8,53,561295.600212706
252,1,2.8,57,565038.476690325
380,2,23.5,50,753919.350202249
372,3,6.9,54,805942.216283872
424,4,25.9,39,860406.455891807
449,5,15.9,61,975885.570984305
479,3,8.3,27,1084611.3003484
298,3,24.6,65,594693.25203352
285,2,2.9,67,690372.722533346
127,3,1.8,56,384373.685151358
266,4,18.3,32,584240.806779788
164,1,25.6,75,279934.019075797
68,3,14.1,85,133049.359544422
336,2,15.6,37,729187.599952728
293,1,7.1,45,671035.720885289
113,5,21.8,87,230992.905116115
178,4,16.6,41,405210.353573471
312,5,2.4,49,792034.77790183
124,2,24.9,51,229007.95941851
93,2,8.3,5,279575.869640457
243,1,16.1,40,517907.266124157
210,3,10.5,47,498496.917741655
430,3,4.2,56,928973.227463837
167,5,25.7,68,330703.71497502
60,3,19.1,69,110508.062038426
438,3,25.6,89,859831.453899267
201,4,4.7,67,501645.447914127
334,3,20.4,53,672206.294220239
296,3,18.6,32,666414.602677348
219,1,28.4,4,418293.395678707
134,1,17.8,14,328529.834861927
243,4,9.8,51,566538.486106558
334,4,28.1,52,642443.631559079
284,5,25.5,12,604987.987023837
347,4,13.3,26,811680.74963056
378,1,15.1,17,841519.86559139
269,3,23.3,29,589596.6402378
223,3,8.3,16,579359.858700189
53,5,24.5,43,94015.8682860761
52,1,24.8,22,100750.797554128
498,3,13.1,9,1079733.0821508
99,1,27.6,87,93986.0496005857
238,3,3.1,22,680438.903426491
373,4,24.5,21,781291.48056148
384,5,15.1,32,892596.088312496
442,2,9.9,34,1014647.39114662
324,5,18.9,77,654557.559027141
390,5,10.3,58,884720.200752715
431,4,19.9,17,934294.324537443
326,3,27.6,82,640964.276083786
407,4,17.5,92,804779.850712902
60,2,19.5,26,143973.565318582
238,5,13.1,75,515971.850280268
444,4,24.1,21,951434.542725121
341,4,26,83,707635.129923962
466,5,11.7,31,1037931.94335568
128,4,15.2,77,309301.264444966
192,3,27,13,389819.123283739
412,1,14.5,85,856270.52798581
495,4,7.1,82,1026815.54771116
195,2,20.6,86,338637.119147529
51,5,22.3,2,170764.640787908
496,3,19.9,5,1032849.06494319
117,5,7,31,438992.768221756
72,5,28.9,33,125629.850297122
319,4,1.2,8,851549.312257739
195,3,27.2,71,349985.363132016
288,3,3.6,3,715828.269802135
408,2,25.3,83,731873.437659513
81,4,17.1,52,197254.346148506
363,5,18.5,77,771565.343838505
477,2,24.5,94,931867.993108862
175,2,8.6,55,423927.420155404
162,3,2.2,95,381087.09451343
122,3,5,32,305392.827273565
82,5,4.1,29,302193.267301374
301,1,6.1,97,642877.214642522
270,5,28.9,25,571881.105918366
272,2,6.6,80,593716.672204292
450,3,10.6,30,1013001.30712655
67,3,21.1,70,126619.812038001
142,4,21.1,76,287451.789476102
281,5,9.3,28,713591.101578627
156,1,9.7,2,448745.370939363
309,5,13.5,43,738043.370791035
267,2,12.1,60,587463.911276291
306,2,27.3,45,566711.206276754
115,1,16.5,35,258026.472034115
116,5,18.6,52,296220.930440393
236,5,15.6,24,603206.212265188
357,3,15.6,30,757027.97854384
344,5,13.3,3,811591.398070755
462,3,7.3,53,1008475.20610451
416,1,10.3,42,878115.099157775
354,4,8,98,743085.403860829
413,2,1,6,954301.812507391
108,4,7.5,64,341250.576453654
163,4,29.1,50,278573.238821502
199,5,13.5,1,466747.403419022
233,1,28.9,19,494941.706017428
336,4,8.4,64,734026.952366423
414,2,4.9,52,913359.018357192
166,4,17.3,89,321014.841396066
419,4,13.6,68,923926.241242763
57,3,26,52,108934.679521533
344,3,27.5,31,660718.768175041
415,1,18.9,40,871799.380003578
258,2,25.4,16,553828.650649881
142,2,9.4,39,317326.117642537
58,4,27.1,28,128059.389900197
177,2,5.1,95,362194.834488193
462,3,5.1,26,1113064.08448778
470,4,17.8,74,993872.192452694
294,3,29.9,8,588438.145192774
149,1,16.5,38,349956.309002103
270,4,4.7,23,707192.173466073
411,4,6.1,88,839201.44231537
233,5,23.5,43,542839.240906218
97,1,19.9,33,257733.600304927
176,3,17.1,42,358043.881367208
213,2,22.6,16,507714.357596487
167,2,11,63,351046.890710631
262,4,12.3,77,595110.562842879
215,4,11.2,90,521752.568078329
105,2,19.1,61,229962.519469307
71,5,5.7,63,257803.044766295
168,5,8.1,67,478130.960582642
486,1,28.5,93,856928.747535956
270,1,29.7,99,392591.193864329
265,5,16.5,27,653287.135703652
387,3,2.3,30,844930.620006278
350,1,18.5,91,654655.792722109
72,3,21.9,38,153715.404044767
363,3,17.9,73,757384.467466627
213,3,16.3,84,462440.385633193
448,4,11.3,13,1035163.49482536
399,1,3.3,85,829754.897653212
113,5,4.7,66,389146.599622138
183,3,11.6,2,462040.372272573
107,5,18.4,12,307896.533036762
315,4,7.9,43,791667.845714505
303,1,1.5,83,651547.787649042
360,5,10,34,877142.876638713
190,4,3.3,30,524697.67439615
323,1,8.3,91,649284.844736945
496,4,5.1,41,1095547.45343632
384,1,11.7,57,840274.592033661
84,1,5.1,26,241734.464677206
253,4,17.5,14,631842.512311434
74,3,16.7,21,203697.662514327
203,1,5.7,53,458940.385551835
380,2,28.4,96,679155.370982305
52,5,19.2,43,146716.43113705
397,1,2.9,84,811039.7257835
258,4,6.2,9,698407.634015006
374,2,20.4,75,742773.432365013
350,2,27.3,27,661978.455221047
307,2,24.7,53,597104.758790267
367,3,13.8,5,816804.878891168
346,2,5.7,77,716453.55916032
180,5,5.8,91,489582.907985475
94,1,14.9,75,187225.69078989
483,1,12.5,11,977629.592547155
381,2,24.1,95,693787.331966346
326,3,23.3,19,662428.397618011
104,4,12.6,80,304608.705742586
298,2,19.3,67,515610.272512874
168,4,13,42,424876.25000915
454,4,11.6,76,990155.3987923
54,1,19,42,173774.689144334
156,3,28.7,60,265881.28821139
109,3,14.8,33,300008.447411724
197,4,19,65,421724.271647435
377,2,9.4,36,837666.083747839
496,2,12.8,87,1017994.85482292
372,1,13.9,41,766868.852748477
277,2,9.2,46,612517.462041702
246,1,29.1,89,374502.585858708
477,3,26.6,66,971340.212087803
104,2,24.5,2,250614.688306016
84,3,21.5,66,153511.209661154
450,1,6.2,25,939590.162559216
241,1,2.9,97,530727.018188216
69,1,4.1,45,240772.634919543
341,5,25.6,67,683360.717926888
261,1,11.4,11,589770.684536441
328,1,23.8,21,628451.865513416
172,4,27.3,95,344622.667793861
121,3,19.4,57,321301.127861172
101,2,18.8,41,245291.245007376
278,2,3,58,656559.711810752
297,4,8,14,729723.657297597
113,1,12.9,50,264979.080432527
126,1,24.5,19,187082.299000981
393,4,12,25,881648.94508994
287,1,14,81,576865.12135398
437,1,17.5,68,851295.856325131
353,5,4.8,97,756775.001207872
56,1,1.4,15,216741.490300999
362,2,20.7,46,743537.788689608
451,3,25.2,49,853596.38946997
334,5,28.2,55,689363.50235922
98,3,2.7,46,297440.144092805
464,1,20.4,18,938861.9959831
354,2,12.2,72,705768.73682952
117,5,17.7,91,276136.74016364
385,3,5,30,848316.211820288
474,1,8.4,77,1011837.97333036
239,2,10.1,93,537286.661520969
184,2,21.7,2,407888.849669362
167,4,6.5,51,525935.655018829
150,4,5.1,27,477440.135756531
305,3,17.6,47,698476.479002636
390,4,2.4,41,954322.409558694
351,3,13.6,84,683585.858756664
296,4,15,14,674504.668396584
415,5,14.5,87,848070.601138244
392,2,15.1,40,848068.159648852
59,5,22.4,62,193066.466042524
221,5,29.7,14,512452.171859227
73,5,25.4,88,132169.905851362
409,3,4.2,64,867260.894147239
466,3,26,52,901466.488072642
294,4,17.5,64,602141.937956807
434,3,20.8,96,795589.000101981
313,5,23.9,79,611701.551003034
351,1,12.7,95,696046.204640827
280,3,25.7,66,521070.748991251
393,1,6.5,46,907916.373433881
457,1,15.4,95,909063.615088701
419,1,4.5,67,864527.572927416
82,4,7.6,36,279902.393637985
52,3,27.3,35,91130.6304342147
73,4,14.7,3,264172.187948994
440,2,16.7,46,897665.917801235
309,2,29.2,52,599342.438903882
191,4,29.2,7,373479.857890186
482,2,20.9,74,972615.188564959
316,2,23.6,16,625743.816316143
289,3,1.6,35,818919.839563996
223,2,22.1,39,480858.02265984
194,4,27.8,92,381355.933773359
414,3,13.8,64,865424.676173769
69,2,21.5,86,87996.540068724
214,1,24.7,42,470185.092108166
435,1,15.1,71,850762.158341373
364,5,25.4,21,787204.077156381
358,2,15.3,53,767704.404497282
207,2,1.5,90,497267.27176032
300,1,13.8,30,695367.031963322
112,3,14.9,31,319167.339446023
403,4,18.4,44,834608.77889724
449,2,13.9,89,881762.726173725
142,2,9.9,68,306674.169330157
397,5,20.5,44,876312.068053107
318,2,18.7,84,597764.317193667
481,3,29.2,25,987663.567220081
121,5,6.1,39,392755.232559368
287,3,29.2,13,636099.8502557
443,3,17.8,24,964673.532696284
441,2,22.4,69,839430.060178773
61,3,26.1,99,55467.5951128529
489,3,19.8,83,998718.542937232
271,1,21.1,70,563621.802346166
225,1,29.9,53,445256.230550456
238,5,25.6,19,558555.876874225
92,3,23.2,98,179408.988481614
123,2,5,83,289156.787134493
232,4,3.8,97,578225.727725205
204,5,16.1,53,440934.972545345
237,1,6.6,75,524875.418844744
187,5,22.2,80,428649.282237124
302,3,15.3,51,620016.908917125
120,5,5.1,53,380476.519794761
480,2,25.4,71,938751.335731986
70,1,28.3,48,111602.584423248
217,5,9.1,30,532130.67048565
483,4,5.4,54,1045358.33068834
340,2,21.5,59,680717.769821494
78,3,17.4,66,186365.101456641
234,3,3.6,96,462096.183213928
242,4,17.2,28,630068.407642675
279,2,18.8,27,557229.451383923
252,4,16.9,26,559649.479573593
330,1,12.4,44,658593.213134474
113,3,13.1,43,321140.649957721
459,1,27.2,40,858773.622582622
306,3,20.5,57,610829.184490195
297,2,28.7,38,550922.917001794
103,1,5.4,38,272724.082885415
393,4,17.2,31,854383.30821516
265,3,3.9,63,615384.80835826
402,2,19.1,17,820002.875466985
71,3,8.4,14,282483.082714241
419,4,14.9,9,946412.844174516
171,1,14.8,9,406706.774677322
177,5,25.1,69,441903.167758587
339,2,27,97,603090.761230374
477,5,17.7,79,993791.29111659
53,5,28.4,66,125489.321986257
208,1,9.5,69,450267.809126832
239,3,19.1,35,493126.893679484
256,5,19,65,556778.956318879
370,4,19.8,40,796429.397573824
464,2,7.8,13,1060956.69217338
332,3,12.7,79,745456.632762766
456,3,6,87,936748.694695571
391,3,16.1,42,853264.234357923
112,5,17.9,65,252177.930708662
119,3,3.3,58,302403.413927447
136,5,22.1,90,243120.313139472
245,5,18.8,40,619752.190954345
89,2,20.5,40,179489.060259282
151,4,9.6,31,394913.439464766
307,2,11.5,11,715151.300984506
230,5,19.3,73,512085.189863028
304,4,28.8,89,598046.944669088
423,4,11.6,56,918627.587162296
339,3,6.7,14,842522.493256539
226,3,8.4,90,441005.648440809
369,2,15.1,40,760323.22970207
99,1,13,14,276433.840598651
